{"data":{"markdownRemark":{"frontmatter":{"title":"Aspiring Software Developer","subtitle":"About Me","content":"I started programming in Java to modify Minecraft when I was 12 years old and loved it ever since, now wanting to make computer science my career. I am passionate about finding solutions to everyday problems and especially business problems through programmable applications. I have experience with Java, React, Javascript, HTML/CSS, Gatsby, MySQL, Oracle, Swift, C, Excel, and the object-oriented programming concept in general. ","linkTo":"/resume/","linkText":"View My Resume"}}}}