{"data":{"markdownRemark":{"frontmatter":{"title":"Education","subtitle":"My Education"}},"allMarkdownRemark":{"edges":[{"node":{"id":"8e7f829d-8cc2-5ac7-a767-56c717139b5c","html":"<p>Clubs/Societies list down below</p>","frontmatter":{"university":"Villanova University","degree":"Bachelor","startDate":"Aug 2019","endDate":"May 2023"}}},{"node":{"id":"6d2fd36e-a46c-53fa-a7f5-20f4b59512ed","html":"<p>Activities and Societies: <br />\n1: Jesuit Robotics Team - Leadership Position: Head Programmer <br />\n2: Jesuit Bands <br />\n•  Marching Band - Leadership position: Drum Captain <br />\n• Jazz Band - Leadership position: Lead Drummer <br />\n• Concert Band <br />\n3: National Honor Society - Leadership Position: Secretary <br />\n4: Mu Alpha Theta - Leadership Position: Secretary <br />5: Spanish Honor Society - Leadership Position: Vice President <br />\n6: Track Team (Distance)</p>","frontmatter":{"university":"Jesuit High School of New Orleans","degree":"High School","startDate":"Aug 2014","endDate":"May 2023"}}}]}}}