{"data":{"markdownRemark":{"frontmatter":{"title":"Awards","subtitle":"My Awards/Honors"}},"allMarkdownRemark":{"edges":[{"node":{"id":"4d7eaffc-7b6f-5a83-9344-add44a594c04","html":"<p>The Presidential Scholarship is a renewable, merit-based award covering full tuition, room, board, general fee, and the cost of textbooks for eight consecutive semesters. Representing diverse intellectual, social, ethnic, and economic backgrounds, Presidential Scholars are transformational leaders both on and off campus who have demonstrated a love of learning and a commitment to enhancing both their local and broader civic communities.</p>","frontmatter":{"award":"Presidential Scholarship","organization":"Villanova University","dateGiven":"Apr 2019"}}},{"node":{"id":"40ec4033-26d5-5ee5-a25a-181f3dc8fde0","html":"<p>Merited by Jesuit High School for Excellence in Computer Studies.</p>","frontmatter":{"award":"Susan and Garic Schoen Award","organization":"Jesuit High School of New Orleans","dateGiven":"May 2019"}}},{"node":{"id":"116a9bc1-b8db-577a-8d1e-6caf5373f608","html":"<p>I was a member of the FTC Robotics Team that qualified to go to the World Championship Tournament in Houston in 2019.</p>","frontmatter":{"award":"FTC World Championship 2019 Qualifier","organization":"FTC Robotics","dateGiven":"Apr 2019"}}}]}}}