{"data":{"markdownRemark":{"frontmatter":{"title":"Field Experience","subtitle":"My experience"}},"allMarkdownRemark":{"edges":[{"node":{"id":"945cdd17-69fb-55cd-97c5-d6c6603b12a7","html":"<p>• I build security tools for Apple Information Security</p>","frontmatter":{"position":"Software Security Engineer","company":"Apple Inc.","startDate":"Oct 2023","endDate":"Present"}}},{"node":{"id":"fdf774b6-3348-57e3-8eea-e723ebb5989e","html":"<p>• Helped implement a content delivery system for an internal Apple website</p>","frontmatter":{"position":"Security Engineering Internship Summer 2022","company":"Apple Inc.","startDate":"May 2022","endDate":"Aug 2022"}}},{"node":{"id":"8a3b96b1-5de4-5c0a-8d0d-2592501a4ec0","html":"<p>• Developed a web development POC project geared toward an Apple security initiative</p>","frontmatter":{"position":"Security Engineering Internship Summer 2021","company":"Apple Inc.","startDate":"May 2021","endDate":"Aug 2021"}}},{"node":{"id":"e56fbb7f-88a5-5411-8e7e-efd95453cbc6","html":"<p>• Upgrade and maintain digital and analog classroom equipment and computer database software\n</br>\n• Troubleshoot hardware and software problems in classroom equipment\n</br>\n• Currently implementing custom-coded HTML/CSS/PHP/SQL ticketing system to facilitate equipment loans\n</br>\n• Utilizes PHP filter extensions to validate and sanitize user input to prevent SQL injection\n</br>\n• Promotes innovative problem-solving through finding quick solutions in a busy classroom environment</p>","frontmatter":{"position":"Classroom Support Technologist","company":"Villanova University","startDate":"Mar 2020","endDate":"Present"}}},{"node":{"id":"553103b5-717a-51cb-aad5-97e504790f49","html":"<p>• Contracted by the Nopoulos Lab of the University of Iowa Hospitals and Clinics division to develop an iOS application to aid a national neural research project in oral word association studies\n<br />\n• Project presents a digital iPad application assessment to be used by the researchers to gain data from participants.</p>","frontmatter":{"position":"Freelance iOS Application Developer","company":"Nopoulos Lab","startDate":"Nov 2020","endDate":"May 2021"}}},{"node":{"id":"6076cc70-5b12-5503-adb9-10da65f5e018","html":"<p>• Developed an iOS application to assist the student council with processing Senior Lunch day order </br >\n• Application records lunch order data and allows student council officers to search for specific students\n</br >\n• Diminished processing time from 40 to 8 minutes\n</br >\n• Strengthened communication skills through working closely with the Student Council for desired features</p>","frontmatter":{"position":"Programming Assistant to  Director of Student Council","company":"Jesuit High School of New Orleans","startDate":"August 2018","endDate":"May 2019"}}},{"node":{"id":"befd70af-24b2-5f27-a34b-6777af38b9f4","html":"<p>• Research under Dr. Beck to promote better use of reusable water bottles by analyzing data from daily water fountain use by students.\n<br />\n• The team researched how to incorporate persuasive human computer interaction (HCI) into daily student activities to convince students to use the bottle-filling stations.\n<br />\n• The conclusion was to implement an app with a points system connected to the Villanova basketball program that would reward students who use the fountains with more nova points which in turn could help get basketball game tickets.\n<br />\n• Encouraged creative collaboration by working remotely to finish the research project due to COVID-19\n<br />\n• Research Article Link: <a style=\"text-decoration:underline\" href=https://veritas.journals.villanova.edu/article/view/2531/2516>Here</a></p>","frontmatter":{"position":"Student Researcher","company":"Villanova University","startDate":"Jan 2020","endDate":"May 2020"}}}]}}}