{"data":{"markdownRemark":{"frontmatter":{"title":"Language","subtitle":"Languages"}},"allMarkdownRemark":{"edges":[{"node":{"id":"76436ad9-6903-53e1-a96f-2a811a561165","html":"","frontmatter":{"language":"English","proficiency":"Native Language"}}},{"node":{"id":"2c3d222e-725d-5151-a286-81c593f826f4","html":"","frontmatter":{"language":"Spanish","proficiency":"Limited Proficiency"}}},{"node":{"id":"c12f0c12-b2b6-5084-9b7c-7de855b08937","html":"","frontmatter":{"language":"Brazilian Portuguese","proficiency":"Limited Proficiency"}}}]}}}