{"app":["/app-66de05fb4f4218f08bf7.js"],"component---cache-caches-gatsby-plugin-offline-app-shell-js":["/component---cache-caches-gatsby-plugin-offline-app-shell-js-d4a871add3d7e35f94d9.js"],"component---src-pages-404-tsx":["/component---src-pages-404-tsx-1c3a18fc60c23f1a9567.js"],"component---src-pages-blog-tsx":["/component---src-pages-blog-tsx-727aa8a27451a2bf932c.js"],"component---src-pages-contact-tsx":["/component---src-pages-contact-tsx-81a4fe554f4bcc905c53.js"],"component---src-pages-index-tsx":["/component---src-pages-index-tsx-290b9d1b2919bbfcca5a.js"],"component---src-pages-resume-tsx":["/component---src-pages-resume-tsx-c6d76adfcbb0f0fa1dff.js"],"component---src-templates-blog-post-index-js":["/component---src-templates-blog-post-index-js-d0042018af8006220576.js"]}