{"data":{"markdownRemark":{"frontmatter":{"title":"Contacts","subtitle":"Contact Me"}},"allMarkdownRemark":{"edges":[{"node":{"id":"206a8f42-a267-533b-9287-7970a3a1141e","frontmatter":{"title":"Phone","icon":"phone","content":"+1 504 400 1311"}}},{"node":{"id":"a46f8b9e-a3cc-599e-830b-1c20cdde1ad8","frontmatter":{"title":"Address","icon":"map-marker-alt","content":"656 East Niagara Circle, Gretna LA, 70056"}}},{"node":{"id":"26b7cbc5-4d49-5f16-885f-5f519d4ed8cc","frontmatter":{"title":"Email","icon":"paper-plane","content":"ladeane00@gmail.com"}}}]}}}