{"data":{"markdownRemark":{"frontmatter":{"title":"Awards","subtitle":"My Awards/Honors"}},"allMarkdownRemark":{"edges":[{"node":{"id":"4d7eaffc-7b6f-5a83-9344-add44a594c04","html":"<p>The Presidential Scholarship is a renewable, merit-based award covering full tuition, room, board, general fee, and the cost of textbooks for eight consecutive semesters. Representing diverse intellectual, social, ethnic, and economic backgrounds, Presidential Scholars are transformational leaders both on and off campus who have demonstrated a love of learning and a commitment to enhancing both their local and broader civic communities.</p>","frontmatter":{"award":"Presidential Scholarship","organization":"Villanova University","dateGiven":"Apr 2019"}}},{"node":{"id":"96b97c04-df99-5ebb-bc22-21430cb920c6","html":"<p>Awarded twice by the Villanova College of Liberal Arts and Sciences for exceptional academic achievement.</p>","frontmatter":{"award":"Deans List","organization":"Villanova College of Liberal Arts and Sciences","dateGiven":"Dec 2019, May 2020"}}},{"node":{"id":"40ec4033-26d5-5ee5-a25a-181f3dc8fde0","html":"<p>Merited by Jesuit High School for Excellence in Computer Studies.</p>","frontmatter":{"award":"Susan and Garic Schoen Award","organization":"Jesuit High School of New Orleans","dateGiven":"May 2019"}}},{"node":{"id":"116a9bc1-b8db-577a-8d1e-6caf5373f608","html":"<p>I was a member of the FTC Robotics Team that qualified to go to the World Championship Tournament in Houston in 2019.</p>","frontmatter":{"award":"FTC World Championship 2019 Qualifier","organization":"FTC Robotics","dateGiven":"Apr 2019"}}},{"node":{"id":"77be9c49-550b-5fe4-989f-d6af6dffa72c","html":"<p>Awarded to the FTC robotics team with the best autonomous programming on their robot, which I was in charge of as the head programmer.</p>","frontmatter":{"award":"Control Award","organization":"FTC Robotics","dateGiven":"Sep 2018"}}},{"node":{"id":"a3f2fbbc-475a-5c0a-9820-e2500b4170ab","html":"<p>Placed third overall in the state of Louisiana in Alegbra II</p>","frontmatter":{"award":"3rd Place Individual-Algebra II: Louisiana Mu Alpha Theta (LAMAѲ) State Convention","organization":"FTC Robotics","dateGiven":"June 2019"}}},{"node":{"id":"51e3f666-4302-5b0d-be4e-23273b81094b","html":"<p>Granted to students who receive an average score of at least 3.5 on all AP Exams taken, and scores of 3 or higher on five or more of these exams.</p>","frontmatter":{"award":"AP Scholar with Distinction Award","organization":"College Board","dateGiven":"June 2019"}}}]}}}