{"data":{"markdownRemark":{"frontmatter":{"title":"Skills","subtitle":"Technologies/Skills"}},"allMarkdownRemark":{"edges":[{"node":{"id":"652703b3-805a-5395-b01e-e36c4eaf9db0","frontmatter":{"title":"Java","percentage":90}}},{"node":{"id":"1dc75da8-c08b-57a0-bb3d-3551930f578e","frontmatter":{"title":"XCode","percentage":60}}},{"node":{"id":"3524aa68-291a-535b-8936-6494c64cdc10","frontmatter":{"title":"Excel","percentage":75}}},{"node":{"id":"5b6e61ef-a4e0-5fbb-9097-a9a816e5a3de","frontmatter":{"title":"Swift","percentage":70}}},{"node":{"id":"4ed0539a-612e-5cbe-a63a-df7bcab4cbdb","frontmatter":{"title":"Python","percentage":60}}},{"node":{"id":"24897ab5-e849-518a-8fe7-084c970efb40","frontmatter":{"title":"C","percentage":60}}},{"node":{"id":"08fb6437-fc99-5024-8b63-8501b871c2a3","frontmatter":{"title":"HTML","percentage":65}}},{"node":{"id":"5d84718c-d3c5-55d8-826c-7ff5571a426b","frontmatter":{"title":"CSS","percentage":65}}},{"node":{"id":"512907d3-37d4-5b83-9f26-09684d3483b4","frontmatter":{"title":"Javascript","percentage":60}}},{"node":{"id":"0ecc9bf1-d5cb-5a2c-9126-7fab85fe0b2c","frontmatter":{"title":"React","percentage":65}}},{"node":{"id":"011abd13-e8c4-56fb-baaa-98ef7e147894","frontmatter":{"title":"Gatsby","percentage":40}}},{"node":{"id":"76270f19-9931-5de2-8873-f5cafe87000d","frontmatter":{"title":"MySQL","percentage":50}}},{"node":{"id":"b66eacba-97ab-57f5-bcf8-c21633a44156","frontmatter":{"title":"Eclipse","percentage":80}}},{"node":{"id":"fb3f9aff-a010-5c20-803e-8c315d9afb51","frontmatter":{"title":"VS Code","percentage":65}}},{"node":{"id":"6a43fedc-4527-5d7d-9c32-e76033ec9dc5","frontmatter":{"title":"Collaborative Problem Solving","percentage":80}}},{"node":{"id":"9087e670-016e-521f-9b14-0810675eebd3","frontmatter":{"title":"Fast Learner","percentage":80}}}]}}}