{"data":{"markdownRemark":{"frontmatter":{"title":"Projects","subtitle":"Project List"}},"allMarkdownRemark":{"edges":[{"node":{"id":"3071fdd4-c8bf-5cf8-94f1-6c9b205d5a0b","frontmatter":{"title":"Web Design","icon":"laptop-code","description":"Mauris neque libero, aliquet vel mollis nec, euismod sed tellus. Mauris convallis dictum elit id volutpat."}}},{"node":{"id":"07ba3bc9-58f4-5744-9ec3-c022aa7964c8","frontmatter":{"title":"Graphic Design","icon":"draw-polygon","description":"Mauris neque libero, aliquet vel mollis nec, euismod sed tellus. Mauris convallis dictum elit id volutpat."}}},{"node":{"id":"28c09609-6a38-53e5-9698-c94666ee9d77","frontmatter":{"title":"Copywrite","icon":"edit","description":"Mauris neque libero, aliquet vel mollis nec, euismod sed tellus. Mauris convallis dictum elit id volutpat."}}},{"node":{"id":"97b4a7bc-5e30-5790-a49d-905afa36ac1f","frontmatter":{"title":"Digital Marketing","icon":"bullhorn","description":"Mauris neque libero, aliquet vel mollis nec, euismod sed tellus. Mauris convallis dictum elit id volutpat."}}}]}}}