{"data":{"markdownRemark":{"frontmatter":{"title":"Field Experience","subtitle":"My experience"}},"allMarkdownRemark":{"edges":[{"node":{"id":"e56fbb7f-88a5-5411-8e7e-efd95453cbc6","html":"<p>testing</p>","frontmatter":{"company":"Villanova University","position":"Classroom Support Technician","startDate":"Mar 2020","endDate":"Now"}}},{"node":{"id":"553103b5-717a-51cb-aad5-97e504790f49","html":"<p>testing</p>","frontmatter":{"company":"Villanova University","position":"Student Researcher","startDate":"Jan 2020","endDate":"May 2020"}}},{"node":{"id":"6076cc70-5b12-5503-adb9-10da65f5e018","html":"<p>testing</p>","frontmatter":{"company":"Jesuit High School","position":"Programming Assistant to  Director of Student Council","startDate":"August 2018","endDate":"May 2019"}}},{"node":{"id":"befd70af-24b2-5f27-a34b-6777af38b9f4","html":"<p>testing</p>","frontmatter":{"company":"Jesuit High School","position":"  Jesuit Robotics Team Head Programmer","startDate":"August 2017","endDate":"May 2019"}}}]}}}