{"data":{"markdownRemark":{"frontmatter":{"title":"Field Experience","subtitle":"My experience"}},"allMarkdownRemark":{"edges":[{"node":{"id":"e56fbb7f-88a5-5411-8e7e-efd95453cbc6","html":"<p>• Upgrade and maintain digital and analog classroom equipment and computer database software\n</br>\n• Troubleshoot hardware and software problems in classroom equipment\n</br>\n• Currently implementing custom-coded HTML/CSS/PHP/SQL ticketing system to facilitate equipment loans\n</br>\n• Promotes innovative problem-solving through finding quick solutions in a busy classroom environment</p>","frontmatter":{"position":"Classroom Support Technologist","company":"Villanova University","startDate":"Mar 2020","endDate":"Present"}}},{"node":{"id":"553103b5-717a-51cb-aad5-97e504790f49","html":"<p>• Research under Dr. Beck to promote better use of reusable water bottles by analyzing data from daily water fountain use by students.\n<br />\n• The team researched how to incorporate persuasive human computer interaction (HCI) into daily student activities to convince students to use the bottle-filling stations.\n<br />\n• The conclusion was to implement an app with a points system connected to the Villanova basketball program that would reward students who use the fountains with more nova points which in turn could help get basketball game tickets.\n<br />\n• Encouraged creative collaboration by working remotely to finish the research project due to COVID-19\n<br />\n• Research Article Link: <a style=\"text-decoration:underline\" href=https://veritas.journals.villanova.edu/article/view/2531/2516>Here</a></p>","frontmatter":{"position":"Student Researcher","company":"Villanova University","startDate":"Jan 2020","endDate":"May 2020"}}},{"node":{"id":"6076cc70-5b12-5503-adb9-10da65f5e018","html":"<p>• Developed an IOS application to assist the student council with processing Senior Lunch day order </br >\n• Application records lunch order data and allows student council officers to search for specific students\n</br >\n• Diminished processing time from 40 to 8 minutes\n</br >\n• Strengthened communication skills through working closely with the Student Council for desired features</p>","frontmatter":{"position":"Programming Assistant to  Director of Student Council","company":"Jesuit High School of New Orleans","startDate":"August 2018","endDate":"May 2019"}}},{"node":{"id":"befd70af-24b2-5f27-a34b-6777af38b9f4","html":"<p>• Oversaw the development of programs for android phones in Android Studio to autonomously control a robot\n</br >\n• Helped team advance to the FTC World Championship in 2019 with high-scoring autonomous programs\n</br >\n• Fostered leadership skills in regard to managing all programming operations of the team</p>","frontmatter":{"position":"  Jesuit Robotics Team Head Programmer","company":"Jesuit High School of New Orleans","startDate":"August 2017","endDate":"May 2019"}}}]}}}