{"app":["/app-55446f9de527258ea321.js"],"component---cache-caches-gatsby-plugin-offline-app-shell-js":["/component---cache-caches-gatsby-plugin-offline-app-shell-js-d4a871add3d7e35f94d9.js"],"component---src-pages-404-tsx":["/component---src-pages-404-tsx-1c3a18fc60c23f1a9567.js"],"component---src-pages-blog-tsx":["/component---src-pages-blog-tsx-727aa8a27451a2bf932c.js"],"component---src-pages-contact-tsx":["/component---src-pages-contact-tsx-17a7feced1ba56815e20.js"],"component---src-pages-index-tsx":["/component---src-pages-index-tsx-bd489e96a0d4bab96cf9.js"],"component---src-pages-resume-tsx":["/component---src-pages-resume-tsx-42f2a064f91c1048fff9.js"],"component---src-templates-blog-post-index-js":["/component---src-templates-blog-post-index-js-d0042018af8006220576.js"]}