{"errors":[],"warnings":[],"namedChunkGroups":{"app":{"chunks":[14,13,4],"assets":["webpack-runtime-de97d4838a4588f2bbab.js","webpack-runtime-de97d4838a4588f2bbab.js.map","framework-8145bab88101e522accb.js","framework-8145bab88101e522accb.js.map","app-55446f9de527258ea321.js","app-55446f9de527258ea321.js.map"],"children":{},"childAssets":{}},"component---cache-caches-gatsby-plugin-offline-app-shell-js":{"chunks":[6],"assets":["component---cache-caches-gatsby-plugin-offline-app-shell-js-d4a871add3d7e35f94d9.js","component---cache-caches-gatsby-plugin-offline-app-shell-js-d4a871add3d7e35f94d9.js.map"],"children":{},"childAssets":{}},"component---src-pages-404-tsx":{"chunks":[1,0,2,7],"assets":["styles.0606c33da8819b07327c.css","styles-2784bacaa009e3e009ba.js","styles-2784bacaa009e3e009ba.js.map","05d954cf-79ddd11004d2497d30c0.js","05d954cf-79ddd11004d2497d30c0.js.map","c003cc55197f4defdbba2e2d66d6604327341821-981656d215d75b4f3894.js","c003cc55197f4defdbba2e2d66d6604327341821-981656d215d75b4f3894.js.map","component---src-pages-404-tsx-1c3a18fc60c23f1a9567.js","component---src-pages-404-tsx-1c3a18fc60c23f1a9567.js.map"],"children":{},"childAssets":{}},"component---src-pages-blog-tsx":{"chunks":[1,0,2,8],"assets":["styles.0606c33da8819b07327c.css","styles-2784bacaa009e3e009ba.js","styles-2784bacaa009e3e009ba.js.map","05d954cf-79ddd11004d2497d30c0.js","05d954cf-79ddd11004d2497d30c0.js.map","c003cc55197f4defdbba2e2d66d6604327341821-981656d215d75b4f3894.js","c003cc55197f4defdbba2e2d66d6604327341821-981656d215d75b4f3894.js.map","component---src-pages-blog-tsx-727aa8a27451a2bf932c.js","component---src-pages-blog-tsx-727aa8a27451a2bf932c.js.map"],"children":{},"childAssets":{}},"component---src-pages-contact-tsx":{"chunks":[1,0,3,5,9],"assets":["styles.0606c33da8819b07327c.css","styles-2784bacaa009e3e009ba.js","styles-2784bacaa009e3e009ba.js.map","05d954cf-79ddd11004d2497d30c0.js","05d954cf-79ddd11004d2497d30c0.js.map","a9a7754c-3986bab70a12ed71489e.js","a9a7754c-3986bab70a12ed71489e.js.map","cb1608f2-98325feef24e9294eea3.js","cb1608f2-98325feef24e9294eea3.js.map","component---src-pages-contact-tsx-17a7feced1ba56815e20.js","component---src-pages-contact-tsx-17a7feced1ba56815e20.js.map"],"children":{},"childAssets":{}},"component---src-pages-index-tsx":{"chunks":[1,0,2,10],"assets":["styles.0606c33da8819b07327c.css","styles-2784bacaa009e3e009ba.js","styles-2784bacaa009e3e009ba.js.map","05d954cf-79ddd11004d2497d30c0.js","05d954cf-79ddd11004d2497d30c0.js.map","c003cc55197f4defdbba2e2d66d6604327341821-981656d215d75b4f3894.js","c003cc55197f4defdbba2e2d66d6604327341821-981656d215d75b4f3894.js.map","component---src-pages-index-tsx-bd489e96a0d4bab96cf9.js","component---src-pages-index-tsx-bd489e96a0d4bab96cf9.js.map"],"children":{},"childAssets":{}},"component---src-pages-resume-tsx":{"chunks":[1,0,2,11],"assets":["styles.0606c33da8819b07327c.css","styles-2784bacaa009e3e009ba.js","styles-2784bacaa009e3e009ba.js.map","05d954cf-79ddd11004d2497d30c0.js","05d954cf-79ddd11004d2497d30c0.js.map","c003cc55197f4defdbba2e2d66d6604327341821-981656d215d75b4f3894.js","c003cc55197f4defdbba2e2d66d6604327341821-981656d215d75b4f3894.js.map","component---src-pages-resume-tsx-42f2a064f91c1048fff9.js","component---src-pages-resume-tsx-42f2a064f91c1048fff9.js.map"],"children":{},"childAssets":{}},"component---src-templates-blog-post-index-js":{"chunks":[1,0,2,12],"assets":["styles.0606c33da8819b07327c.css","styles-2784bacaa009e3e009ba.js","styles-2784bacaa009e3e009ba.js.map","05d954cf-79ddd11004d2497d30c0.js","05d954cf-79ddd11004d2497d30c0.js.map","c003cc55197f4defdbba2e2d66d6604327341821-981656d215d75b4f3894.js","c003cc55197f4defdbba2e2d66d6604327341821-981656d215d75b4f3894.js.map","component---src-templates-blog-post-index-js-d0042018af8006220576.js","component---src-templates-blog-post-index-js-d0042018af8006220576.js.map"],"children":{},"childAssets":{}}},"assetsByChunkName":{"app":["webpack-runtime-de97d4838a4588f2bbab.js","framework-8145bab88101e522accb.js","app-55446f9de527258ea321.js"],"component---cache-caches-gatsby-plugin-offline-app-shell-js":["component---cache-caches-gatsby-plugin-offline-app-shell-js-d4a871add3d7e35f94d9.js"],"component---src-pages-404-tsx":["styles.0606c33da8819b07327c.css","styles-2784bacaa009e3e009ba.js","05d954cf-79ddd11004d2497d30c0.js","c003cc55197f4defdbba2e2d66d6604327341821-981656d215d75b4f3894.js","component---src-pages-404-tsx-1c3a18fc60c23f1a9567.js"],"component---src-pages-blog-tsx":["styles.0606c33da8819b07327c.css","styles-2784bacaa009e3e009ba.js","05d954cf-79ddd11004d2497d30c0.js","c003cc55197f4defdbba2e2d66d6604327341821-981656d215d75b4f3894.js","component---src-pages-blog-tsx-727aa8a27451a2bf932c.js"],"component---src-pages-contact-tsx":["styles.0606c33da8819b07327c.css","styles-2784bacaa009e3e009ba.js","05d954cf-79ddd11004d2497d30c0.js","a9a7754c-3986bab70a12ed71489e.js","cb1608f2-98325feef24e9294eea3.js","component---src-pages-contact-tsx-17a7feced1ba56815e20.js"],"component---src-pages-index-tsx":["styles.0606c33da8819b07327c.css","styles-2784bacaa009e3e009ba.js","05d954cf-79ddd11004d2497d30c0.js","c003cc55197f4defdbba2e2d66d6604327341821-981656d215d75b4f3894.js","component---src-pages-index-tsx-bd489e96a0d4bab96cf9.js"],"component---src-pages-resume-tsx":["styles.0606c33da8819b07327c.css","styles-2784bacaa009e3e009ba.js","05d954cf-79ddd11004d2497d30c0.js","c003cc55197f4defdbba2e2d66d6604327341821-981656d215d75b4f3894.js","component---src-pages-resume-tsx-42f2a064f91c1048fff9.js"],"component---src-templates-blog-post-index-js":["styles.0606c33da8819b07327c.css","styles-2784bacaa009e3e009ba.js","05d954cf-79ddd11004d2497d30c0.js","c003cc55197f4defdbba2e2d66d6604327341821-981656d215d75b4f3894.js","component---src-templates-blog-post-index-js-d0042018af8006220576.js"]}}