{"data":{"markdownRemark":{"frontmatter":{"title":"Interest","subtitle":"Interests"}},"allMarkdownRemark":{"edges":[{"node":{"id":"1c43b3de-1df7-5379-9722-e14baf6e0894","html":"","frontmatter":{"interest":"App Development","add":"trained drummer"}}},{"node":{"id":"e3db2230-18dd-5f2c-b48e-b9c8bbbc7ce0","html":"","frontmatter":{"interest":"Machine Learning","add":"trained drummer"}}},{"node":{"id":"adfae8da-591b-5792-ba84-3cc65385f2c2","html":"","frontmatter":{"interest":"AI","add":null}}},{"node":{"id":"e26206db-51a9-5c5b-9c99-0ba651e1411f","html":"","frontmatter":{"interest":"Computational Sustainability","add":"computer applications to environmental sustainability"}}},{"node":{"id":"b7dc6e40-29c4-5bd6-99e8-4621340db0a4","html":"","frontmatter":{"interest":"IT/MIS","add":null}}},{"node":{"id":"e10e39ee-1072-5834-87d5-4e0d41d6d122","html":"","frontmatter":{"interest":"Music","add":"drummer"}}},{"node":{"id":"674fb98b-8130-5665-aabe-281e705719aa","html":"","frontmatter":{"interest":"Outdoors","add":"hiking/climbing/exploring"}}}]}}}