{"data":{"markdownRemark":{"frontmatter":{"title":"Extra-Curriculars","subtitle":"Clubs/Societies"}},"allMarkdownRemark":{"edges":[{"node":{"id":"75a77cc7-d7e1-56ab-9222-3e58ac69bcd4","html":"<p>• Brings together students who are interested in learning and exploring the field\nof computing <br />\n• makes connections within the Villanova community among students and\nfaculty <br />\n• introduces students to new ideas and provide students with the opportunity to\nexpand their educational scope in the computing field <br /></p>","frontmatter":{"activity":"Association for Computing and Machinery (ACM)","organization":"Villanova University"}}},{"node":{"id":"a9f73719-d3de-5a69-9a14-716025197f03","html":"<p>• Members solve 5 coding problems a week varying in complexity to improve programming skills <br />\n• Meets once a week to talk about the problems <br />\n• Attends regional programming competitions including Hackathon</p>","frontmatter":{"activity":"Programming Team","organization":"Villanova University"}}},{"node":{"id":"50185d58-6778-5c7f-b1da-aa88f04f455c","html":"<p>• University based community groups for students interested in Google developer technologies. <br />\n• By joining a DSC, students grow their knowledge in a peer-to-peer learning environment and build solutions for local businesses and their community. <br /></p>","frontmatter":{"activity":"Google Student Developers Club","organization":"Villanova University"}}},{"node":{"id":"dadd4570-0372-5138-ae37-cff714e0884a","html":"<p>• See currently existing business students at Villanova embracing the global IT trends, with enthusiasm and gusto. <br />\n• See and reach an increasing number of Technology-minded students every semester at Villanova. <br />\n• Mentor and empower students in our society academically, socially, and intellectually. <br />\n• See these students leverage their IT and analytical skills to enrich and bring value to the Villanova Community. <br />\n• Share information regarding lucrative careers in the MIS world, create a space to apply academic excellence, and challenge the status quo at Villanova. <br /></p>","frontmatter":{"activity":"Tech in Business Society","organization":"Villanova University"}}},{"node":{"id":"a181d8e7-da3a-534b-b22c-5948f0a68c1c","html":"<p>• Group of 26 students who annualy receive the most prestigious scholarship award form Villanova University. <br />\n• Presidential Scholars are transformational leaders both on and off campus who have demonstrated a love of learning and a commitment to enhancing both their local and broader civic communities. <br /></p>","frontmatter":{"activity":"Presidential Scholars Program","organization":"Villanova University"}}},{"node":{"id":"0480e219-3ba9-58fe-aa8b-39e15155298c","html":"<p>• Working closely with the Villanova ICE Institute, the Villanova Entrepreneurship Society educates and creates opportunities for the Villanova community in entrepreneurship and new ventures.</p>","frontmatter":{"activity":"Entrepreneurship Society","organization":"Villanova University"}}},{"node":{"id":"129a7076-4bda-51c1-b467-b9e9562a1f2f","html":"<p>• Leadership Position: Executive Board Member <br />\n• Hosts weekly outdoors related events like hiking and kayaking to get students outdoors more <br />\n• As a member of the executive board, I help coordinate events and lead many of them <br /></p>","frontmatter":{"activity":"Outdoors Club","organization":"Villanova University"}}}]}}}